#timestamp [ns],filename
1403715285262142976,1403715285262142976.png
1403715285312143104,1403715285312143104.png
1403715285362142976,1403715285362142976.png
1403715285412143104,1403715285412143104.png
1403715285462142976,1403715285462142976.png
1403715285512143104,1403715285512143104.png
1403715285562142976,1403715285562142976.png
1403715285612143104,1403715285612143104.png
1403715285662142976,1403715285662142976.png
1403715285712143104,1403715285712143104.png
1403715285762142976,1403715285762142976.png
1403715285812143104,1403715285812143104.png
1403715285862142976,1403715285862142976.png
1403715285912143104,1403715285912143104.png
1403715285962142976,1403715285962142976.png
1403715286012143104,1403715286012143104.png
1403715286062142976,1403715286062142976.png
1403715286112143104,1403715286112143104.png
1403715286162142976,1403715286162142976.png
1403715286212143104,1403715286212143104.png
1403715286262142976,1403715286262142976.png
1403715286312143104,1403715286312143104.png
1403715286362142976,1403715286362142976.png
1403715286412143104,1403715286412143104.png
1403715286462142976,1403715286462142976.png
1403715286512143104,1403715286512143104.png
1403715286562142976,1403715286562142976.png
1403715286612143104,1403715286612143104.png
1403715286662142976,1403715286662142976.png
1403715286712143104,1403715286712143104.png
1403715286762142976,1403715286762142976.png
1403715286812143104,1403715286812143104.png
1403715286862142976,1403715286862142976.png
1403715286912143104,1403715286912143104.png
1403715286962142976,1403715286962142976.png
1403715287012143104,1403715287012143104.png
1403715287062142976,1403715287062142976.png
1403715287112143104,1403715287112143104.png
1403715287162142976,1403715287162142976.png
1403715287212143104,1403715287212143104.png
1403715287262142976,1403715287262142976.png
1403715287312143104,1403715287312143104.png
1403715287362142976,1403715287362142976.png
1403715287412143104,1403715287412143104.png
1403715287462142976,1403715287462142976.png
1403715287512143104,1403715287512143104.png
1403715287562142976,1403715287562142976.png
1403715287612143104,1403715287612143104.png
1403715287662142976,1403715287662142976.png
1403715287712143104,1403715287712143104.png
1403715287762142976,1403715287762142976.png
1403715287812143104,1403715287812143104.png
1403715287862142976,1403715287862142976.png
1403715287912143104,1403715287912143104.png
1403715287962142976,1403715287962142976.png
1403715288012143104,1403715288012143104.png
1403715288062142976,1403715288062142976.png
1403715288112143104,1403715288112143104.png
1403715288162142976,1403715288162142976.png
1403715288212143104,1403715288212143104.png
1403715288262142976,1403715288262142976.png
1403715288312143104,1403715288312143104.png
1403715288362142976,1403715288362142976.png
1403715288412143104,1403715288412143104.png
1403715288462142976,1403715288462142976.png
1403715288512143104,1403715288512143104.png
1403715288562142976,1403715288562142976.png
1403715288612143104,1403715288612143104.png
1403715288662142976,1403715288662142976.png
1403715288712143104,1403715288712143104.png
1403715288762142976,1403715288762142976.png
1403715288812143104,1403715288812143104.png
1403715288862142976,1403715288862142976.png
1403715288912143104,1403715288912143104.png
1403715288962142976,1403715288962142976.png
1403715289012143104,1403715289012143104.png
1403715289062142976,1403715289062142976.png
1403715289112143104,1403715289112143104.png
1403715289162142976,1403715289162142976.png
1403715289212143104,1403715289212143104.png
1403715289262142976,1403715289262142976.png
1403715289312143104,1403715289312143104.png
1403715289362142976,1403715289362142976.png
1403715289412143104,1403715289412143104.png
1403715289462142976,1403715289462142976.png
1403715289512143104,1403715289512143104.png
1403715289562142976,1403715289562142976.png
1403715289612143104,1403715289612143104.png
1403715289662142976,1403715289662142976.png
1403715289712143104,1403715289712143104.png
